{
  "presets": [
    [
      "@babel/env", {
        "targets": {
          "edge": "17",
          "firefox": "60",
          "chrome": "67",
          "safari": "11.1"
        }
      }
    ]
  ],
  "plugins": [
    "@babel/plugin-transform-arrow-functions",
    "@babel/plugin-transform-block-scoped-functions",
    "@babel/plugin-transform-for-of",
    "@babel/plugin-transform-spread",
    "@babel/plugin-transform-destructuring",
    ["@babel/plugin-transform-block-scoping", {
      "throwIfClosureRequired": false
    }],
    "@babel/plugin-transform-exponentiation-operator",
    ["babel-plugin-inline-import", {
      "extensions": [
        ".json",
        ".ejs"
      ]
    }]
  ]
}
